2025-11-11T16:14:25.027359,Make It Look Sexy,Stunna Sandy,Mainly clear
2025-11-11T16:17:26.597210,Love$ick (feat. A$AP Rocky),Mura Masa,Mainly clear
2025-11-11T16:28:44.851567,Ballad of a Badman,Tory Lanez,Mainly clear
2025-11-11T16:33:17.764264,You Rock My World,Michael Jackson,Mainly clear
2025-11-11T16:38:50.937383,Popular (with Playboi Carti & Madonna) - From The Idol Vol. 1 (Music from the HBO Original Series),The Weeknd,Mainly clear
2025-11-11T16:42:23.723586,Show Me Love (with Tyla),WizTheMc,Mainly clear
2025-11-11T16:45:25.664214,Boasy,Avelino,Mainly clear
2025-11-11T16:47:57.375328,Promets-le moi,Tayc,Mainly clear
2025-11-11T16:51:00.569677,Rock Your Body,Justin Timberlake,Mainly clear
2025-11-11T17:28:52.131674,PARISIENNE,GIMS,Cloudy
2025-11-11T19:25:16.528401,"I Need a Girl (Pt. 2) [feat. Loon, Ginuwine, Mario Winans]",Diddy,Mainly clear
2025-11-11T19:54:36.322074,"I Need a Girl (Pt. 2) [feat. Loon, Ginuwine, Mario Winans]",Diddy,Mainly clear
2025-11-11T19:55:07.263605,Sometimes - Remix Instrumental,J Dilla,Mainly clear
